SK_ID_CURR,TARGET,CODE_GENDER,FLAG_OWN_CAR,FLAG_OWN_REALTY,CNT_CHILDREN,AMT_INCOME_TOTAL,AMT_CREDIT,AMT_ANNUITY,REGION_POPULATION_RELATIVE,DAYS_BIRTH,DAYS_REGISTRATION,DAYS_ID_PUBLISH,FLAG_MOBIL,FLAG_EMP_PHONE,FLAG_WORK_PHONE,FLAG_CONT_MOBILE,FLAG_PHONE,FLAG_EMAIL,CNT_FAM_MEMBERS,REGION_RATING_CLIENT,HOUR_APPR_PROCESS_START,REG_REGION_NOT_LIVE_REGION,REG_REGION_NOT_WORK_REGION,LIVE_REGION_NOT_WORK_REGION,REG_CITY_NOT_LIVE_CITY,REG_CITY_NOT_WORK_CITY,LIVE_CITY_NOT_WORK_CITY,EXT_SOURCE_2,EXT_SOURCE_3,OBS_30_CNT_SOCIAL_CIRCLE,DEF_30_CNT_SOCIAL_CIRCLE,DEF_60_CNT_SOCIAL_CIRCLE,DAYS_LAST_PHONE_CHANGE,FLAG_DOCUMENT_2,FLAG_DOCUMENT_3,FLAG_DOCUMENT_4,FLAG_DOCUMENT_5,FLAG_DOCUMENT_6,FLAG_DOCUMENT_7,FLAG_DOCUMENT_8,FLAG_DOCUMENT_9,FLAG_DOCUMENT_10,FLAG_DOCUMENT_11,FLAG_DOCUMENT_12,FLAG_DOCUMENT_13,FLAG_DOCUMENT_14,FLAG_DOCUMENT_15,FLAG_DOCUMENT_16,FLAG_DOCUMENT_17,FLAG_DOCUMENT_18,FLAG_DOCUMENT_19,FLAG_DOCUMENT_20,FLAG_DOCUMENT_21,AMT_REQ_CREDIT_BUREAU_HOUR,AMT_REQ_CREDIT_BUREAU_DAY,AMT_REQ_CREDIT_BUREAU_WEEK,AMT_REQ_CREDIT_BUREAU_MON,AMT_REQ_CREDIT_BUREAU_QRT,AMT_REQ_CREDIT_BUREAU_YEAR,NAME_CONTRACT_TYPE_Cashloans,NAME_CONTRACT_TYPE_Revolvingloans,NAME_TYPE_SUITE_Children,NAME_TYPE_SUITE_Family,NAME_TYPE_SUITE_Groupofpeople,NAME_TYPE_SUITE_Other_A,NAME_TYPE_SUITE_Other_B,NAME_TYPE_SUITE_Spousepartner,NAME_TYPE_SUITE_Unaccompanied,NAME_INCOME_TYPE_Businessman,NAME_INCOME_TYPE_Commercialassociate,NAME_INCOME_TYPE_Pensioner,NAME_INCOME_TYPE_Stateservant,NAME_INCOME_TYPE_Student,NAME_INCOME_TYPE_Unemployed,NAME_INCOME_TYPE_Working,NAME_EDUCATION_TYPE_Academicdegree,NAME_EDUCATION_TYPE_Highereducation,NAME_EDUCATION_TYPE_Incompletehigher,NAME_EDUCATION_TYPE_Lowersecondary,NAME_EDUCATION_TYPE_Secondarysecondaryspecial,NAME_FAMILY_STATUS_Civilmarriage,NAME_FAMILY_STATUS_Married,NAME_FAMILY_STATUS_Separated,NAME_FAMILY_STATUS_Singlenotmarried,NAME_FAMILY_STATUS_Widow,NAME_HOUSING_TYPE_Coopapartment,NAME_HOUSING_TYPE_Houseapartment,NAME_HOUSING_TYPE_Municipalapartment,NAME_HOUSING_TYPE_Officeapartment,NAME_HOUSING_TYPE_Rentedapartment,NAME_HOUSING_TYPE_Withparents,WEEKDAY_APPR_PROCESS_START_FRIDAY,WEEKDAY_APPR_PROCESS_START_MONDAY,WEEKDAY_APPR_PROCESS_START_SATURDAY,WEEKDAY_APPR_PROCESS_START_SUNDAY,WEEKDAY_APPR_PROCESS_START_THURSDAY,WEEKDAY_APPR_PROCESS_START_TUESDAY,WEEKDAY_APPR_PROCESS_START_WEDNESDAY,ORGANIZATION_TYPE_Advertising,ORGANIZATION_TYPE_Agriculture,ORGANIZATION_TYPE_Bank,ORGANIZATION_TYPE_BusinessEntityType1,ORGANIZATION_TYPE_BusinessEntityType2,ORGANIZATION_TYPE_BusinessEntityType3,ORGANIZATION_TYPE_Cleaning,ORGANIZATION_TYPE_Construction,ORGANIZATION_TYPE_Culture,ORGANIZATION_TYPE_Electricity,ORGANIZATION_TYPE_Emergency,ORGANIZATION_TYPE_Government,ORGANIZATION_TYPE_Hotel,ORGANIZATION_TYPE_Housing,ORGANIZATION_TYPE_Industrytype1,ORGANIZATION_TYPE_Industrytype10,ORGANIZATION_TYPE_Industrytype11,ORGANIZATION_TYPE_Industrytype12,ORGANIZATION_TYPE_Industrytype13,ORGANIZATION_TYPE_Industrytype2,ORGANIZATION_TYPE_Industrytype3,ORGANIZATION_TYPE_Industrytype4,ORGANIZATION_TYPE_Industrytype5,ORGANIZATION_TYPE_Industrytype6,ORGANIZATION_TYPE_Industrytype7,ORGANIZATION_TYPE_Industrytype8,ORGANIZATION_TYPE_Industrytype9,ORGANIZATION_TYPE_Insurance,ORGANIZATION_TYPE_Kindergarten,ORGANIZATION_TYPE_LegalServices,ORGANIZATION_TYPE_Medicine,ORGANIZATION_TYPE_Military,ORGANIZATION_TYPE_Mobile,ORGANIZATION_TYPE_Other,ORGANIZATION_TYPE_Police,ORGANIZATION_TYPE_Postal,ORGANIZATION_TYPE_Realtor,ORGANIZATION_TYPE_Religion,ORGANIZATION_TYPE_Restaurant,ORGANIZATION_TYPE_School,ORGANIZATION_TYPE_Security,ORGANIZATION_TYPE_SecurityMinistries,ORGANIZATION_TYPE_Selfemployed,ORGANIZATION_TYPE_Services,ORGANIZATION_TYPE_Telecom,ORGANIZATION_TYPE_Tradetype1,ORGANIZATION_TYPE_Tradetype2,ORGANIZATION_TYPE_Tradetype3,ORGANIZATION_TYPE_Tradetype4,ORGANIZATION_TYPE_Tradetype5,ORGANIZATION_TYPE_Tradetype6,ORGANIZATION_TYPE_Tradetype7,ORGANIZATION_TYPE_Transporttype1,ORGANIZATION_TYPE_Transporttype2,ORGANIZATION_TYPE_Transporttype3,ORGANIZATION_TYPE_Transporttype4,ORGANIZATION_TYPE_University,INCOME_CREDIT_PERC,INCOME_PER_PERSON,ANNUITY_INCOME_PERC,PAYMENT_RATE,BURO_DAYS_CREDIT_MIN,BURO_DAYS_CREDIT_MAX,BURO_DAYS_CREDIT_MEAN,BURO_DAYS_CREDIT_UPDATE_MEAN,BURO_CREDIT_DAY_OVERDUE_MAX,BURO_CREDIT_DAY_OVERDUE_MEAN,BURO_AMT_CREDIT_SUM_MAX,BURO_AMT_CREDIT_SUM_MEAN,BURO_AMT_CREDIT_SUM_SUM,BURO_AMT_CREDIT_SUM_DEBT_SUM,BURO_AMT_CREDIT_SUM_OVERDUE_MEAN,BURO_AMT_CREDIT_SUM_LIMIT_SUM,BURO_CNT_CREDIT_PROLONG_SUM,BURO_MONTHS_BALANCE_SIZE_SUM,BURO_CREDIT_ACTIVE_Active_MEAN,BURO_CREDIT_ACTIVE_Baddebt_MEAN,BURO_CREDIT_ACTIVE_Closed_MEAN,BURO_CREDIT_ACTIVE_Sold_MEAN,BURO_CREDIT_ACTIVE_nan_MEAN,BURO_CREDIT_CURRENCY_currency1_MEAN,BURO_CREDIT_CURRENCY_currency2_MEAN,BURO_CREDIT_CURRENCY_currency3_MEAN,BURO_CREDIT_CURRENCY_currency4_MEAN,BURO_CREDIT_CURRENCY_nan_MEAN,BURO_CREDIT_TYPE_Anothertypeofloan_MEAN,BURO_CREDIT_TYPE_Carloan_MEAN,BURO_CREDIT_TYPE_Cashloannonearmarked_MEAN,BURO_CREDIT_TYPE_Consumercredit_MEAN,BURO_CREDIT_TYPE_Creditcard_MEAN,BURO_CREDIT_TYPE_Interbankcredit_MEAN,BURO_CREDIT_TYPE_Loanforbusinessdevelopment_MEAN,BURO_CREDIT_TYPE_Loanforpurchaseofsharesmarginlending_MEAN,BURO_CREDIT_TYPE_Loanforthepurchaseofequipment_MEAN,BURO_CREDIT_TYPE_Loanforworkingcapitalreplenishment_MEAN,BURO_CREDIT_TYPE_Microloan_MEAN,BURO_CREDIT_TYPE_Mobileoperatorloan_MEAN,BURO_CREDIT_TYPE_Mortgage_MEAN,BURO_CREDIT_TYPE_Realestateloan_MEAN,BURO_CREDIT_TYPE_Unknowntypeofloan_MEAN,BURO_CREDIT_TYPE_nan_MEAN,PREV_AMT_APPLICATION_MIN,PREV_AMT_APPLICATION_MAX,PREV_AMT_APPLICATION_MEAN,PREV_AMT_CREDIT_MIN,PREV_AMT_CREDIT_MAX,PREV_AMT_CREDIT_MEAN,PREV_HOUR_APPR_PROCESS_START_MIN,PREV_HOUR_APPR_PROCESS_START_MAX,PREV_HOUR_APPR_PROCESS_START_MEAN,PREV_DAYS_DECISION_MIN,PREV_DAYS_DECISION_MAX,PREV_DAYS_DECISION_MEAN,PREV_CNT_PAYMENT_SUM,PREV_NAME_CONTRACT_TYPE_Cashloans_MEAN,PREV_NAME_CONTRACT_TYPE_Consumerloans_MEAN,PREV_NAME_CONTRACT_TYPE_Revolvingloans_MEAN,PREV_NAME_CONTRACT_TYPE_XNA_MEAN,PREV_NAME_CONTRACT_TYPE_nan_MEAN,PREV_WEEKDAY_APPR_PROCESS_START_FRIDAY_MEAN,PREV_WEEKDAY_APPR_PROCESS_START_MONDAY_MEAN,PREV_WEEKDAY_APPR_PROCESS_START_SATURDAY_MEAN,PREV_WEEKDAY_APPR_PROCESS_START_SUNDAY_MEAN,PREV_WEEKDAY_APPR_PROCESS_START_THURSDAY_MEAN,PREV_WEEKDAY_APPR_PROCESS_START_TUESDAY_MEAN,PREV_WEEKDAY_APPR_PROCESS_START_WEDNESDAY_MEAN,PREV_WEEKDAY_APPR_PROCESS_START_nan_MEAN,PREV_FLAG_LAST_APPL_PER_CONTRACT_N_MEAN,PREV_FLAG_LAST_APPL_PER_CONTRACT_Y_MEAN,PREV_FLAG_LAST_APPL_PER_CONTRACT_nan_MEAN,PREV_NAME_CASH_LOAN_PURPOSE_Buildingahouseoranannex_MEAN,PREV_NAME_CASH_LOAN_PURPOSE_Businessdevelopment_MEAN,PREV_NAME_CASH_LOAN_PURPOSE_Buyingagarage_MEAN,PREV_NAME_CASH_LOAN_PURPOSE_Buyingaholidayhomeland_MEAN,PREV_NAME_CASH_LOAN_PURPOSE_Buyingahome_MEAN,PREV_NAME_CASH_LOAN_PURPOSE_Buyinganewcar_MEAN,PREV_NAME_CASH_LOAN_PURPOSE_Buyingausedcar_MEAN,PREV_NAME_CASH_LOAN_PURPOSE_Carrepairs_MEAN,PREV_NAME_CASH_LOAN_PURPOSE_Education_MEAN,PREV_NAME_CASH_LOAN_PURPOSE_Everydayexpenses_MEAN,PREV_NAME_CASH_LOAN_PURPOSE_Furniture_MEAN,PREV_NAME_CASH_LOAN_PURPOSE_Gasificationwatersupply_MEAN,PREV_NAME_CASH_LOAN_PURPOSE_Hobby_MEAN,PREV_NAME_CASH_LOAN_PURPOSE_Journey_MEAN,PREV_NAME_CASH_LOAN_PURPOSE_Medicine_MEAN,PREV_NAME_CASH_LOAN_PURPOSE_Moneyforathirdperson_MEAN,PREV_NAME_CASH_LOAN_PURPOSE_Other_MEAN,PREV_NAME_CASH_LOAN_PURPOSE_Paymentsonotherloans_MEAN,PREV_NAME_CASH_LOAN_PURPOSE_Purchaseofelectronicequipment_MEAN,PREV_NAME_CASH_LOAN_PURPOSE_Refusaltonamethegoal_MEAN,PREV_NAME_CASH_LOAN_PURPOSE_Repairs_MEAN,PREV_NAME_CASH_LOAN_PURPOSE_Urgentneeds_MEAN,PREV_NAME_CASH_LOAN_PURPOSE_Weddinggiftholiday_MEAN,PREV_NAME_CASH_LOAN_PURPOSE_XAP_MEAN,PREV_NAME_CASH_LOAN_PURPOSE_XNA_MEAN,PREV_NAME_CASH_LOAN_PURPOSE_nan_MEAN,PREV_NAME_CONTRACT_STATUS_Approved_MEAN,PREV_NAME_CONTRACT_STATUS_Canceled_MEAN,PREV_NAME_CONTRACT_STATUS_Refused_MEAN,PREV_NAME_CONTRACT_STATUS_Unusedoffer_MEAN,PREV_NAME_CONTRACT_STATUS_nan_MEAN,PREV_NAME_PAYMENT_TYPE_Cashthroughthebank_MEAN,PREV_NAME_PAYMENT_TYPE_Cashlessfromtheaccountoftheemployer_MEAN,PREV_NAME_PAYMENT_TYPE_Noncashfromyouraccount_MEAN,PREV_NAME_PAYMENT_TYPE_XNA_MEAN,PREV_NAME_PAYMENT_TYPE_nan_MEAN,PREV_CODE_REJECT_REASON_CLIENT_MEAN,PREV_CODE_REJECT_REASON_HC_MEAN,PREV_CODE_REJECT_REASON_LIMIT_MEAN,PREV_CODE_REJECT_REASON_SCO_MEAN,PREV_CODE_REJECT_REASON_SCOFR_MEAN,PREV_CODE_REJECT_REASON_SYSTEM_MEAN,PREV_CODE_REJECT_REASON_VERIF_MEAN,PREV_CODE_REJECT_REASON_XAP_MEAN,PREV_CODE_REJECT_REASON_XNA_MEAN,PREV_CODE_REJECT_REASON_nan_MEAN,PREV_NAME_TYPE_SUITE_Children_MEAN,PREV_NAME_TYPE_SUITE_Family_MEAN,PREV_NAME_TYPE_SUITE_Groupofpeople_MEAN,PREV_NAME_TYPE_SUITE_Other_A_MEAN,PREV_NAME_TYPE_SUITE_Other_B_MEAN,PREV_NAME_TYPE_SUITE_Spousepartner_MEAN,PREV_NAME_TYPE_SUITE_Unaccompanied_MEAN,PREV_NAME_TYPE_SUITE_nan_MEAN,PREV_NAME_CLIENT_TYPE_New_MEAN,PREV_NAME_CLIENT_TYPE_Refreshed_MEAN,PREV_NAME_CLIENT_TYPE_Repeater_MEAN,PREV_NAME_CLIENT_TYPE_XNA_MEAN,PREV_NAME_CLIENT_TYPE_nan_MEAN,PREV_NAME_GOODS_CATEGORY_AdditionalService_MEAN,PREV_NAME_GOODS_CATEGORY_Animals_MEAN,PREV_NAME_GOODS_CATEGORY_AudioVideo_MEAN,PREV_NAME_GOODS_CATEGORY_AutoAccessories_MEAN,PREV_NAME_GOODS_CATEGORY_ClothingandAccessories_MEAN,PREV_NAME_GOODS_CATEGORY_Computers_MEAN,PREV_NAME_GOODS_CATEGORY_ConstructionMaterials_MEAN,PREV_NAME_GOODS_CATEGORY_ConsumerElectronics_MEAN,PREV_NAME_GOODS_CATEGORY_DirectSales_MEAN,PREV_NAME_GOODS_CATEGORY_Education_MEAN,PREV_NAME_GOODS_CATEGORY_Fitness_MEAN,PREV_NAME_GOODS_CATEGORY_Furniture_MEAN,PREV_NAME_GOODS_CATEGORY_Gardening_MEAN,PREV_NAME_GOODS_CATEGORY_Homewares_MEAN,PREV_NAME_GOODS_CATEGORY_HouseConstruction_MEAN,PREV_NAME_GOODS_CATEGORY_Insurance_MEAN,PREV_NAME_GOODS_CATEGORY_Jewelry_MEAN,PREV_NAME_GOODS_CATEGORY_MedicalSupplies_MEAN,PREV_NAME_GOODS_CATEGORY_Medicine_MEAN,PREV_NAME_GOODS_CATEGORY_Mobile_MEAN,PREV_NAME_GOODS_CATEGORY_OfficeAppliances_MEAN,PREV_NAME_GOODS_CATEGORY_Other_MEAN,PREV_NAME_GOODS_CATEGORY_PhotoCinemaEquipment_MEAN,PREV_NAME_GOODS_CATEGORY_SportandLeisure_MEAN,PREV_NAME_GOODS_CATEGORY_Tourism_MEAN,PREV_NAME_GOODS_CATEGORY_Vehicles_MEAN,PREV_NAME_GOODS_CATEGORY_Weapon_MEAN,PREV_NAME_GOODS_CATEGORY_XNA_MEAN,PREV_NAME_GOODS_CATEGORY_nan_MEAN,PREV_NAME_PORTFOLIO_Cards_MEAN,PREV_NAME_PORTFOLIO_Cars_MEAN,PREV_NAME_PORTFOLIO_Cash_MEAN,PREV_NAME_PORTFOLIO_POS_MEAN,PREV_NAME_PORTFOLIO_XNA_MEAN,PREV_NAME_PORTFOLIO_nan_MEAN,PREV_NAME_PRODUCT_TYPE_XNA_MEAN,PREV_NAME_PRODUCT_TYPE_walkin_MEAN,PREV_NAME_PRODUCT_TYPE_xsell_MEAN,PREV_NAME_PRODUCT_TYPE_nan_MEAN,PREV_CHANNEL_TYPE_APCashloan_MEAN,PREV_CHANNEL_TYPE_Cardealer_MEAN,PREV_CHANNEL_TYPE_Channelofcorporatesales_MEAN,PREV_CHANNEL_TYPE_Contactcenter_MEAN,PREV_CHANNEL_TYPE_Countrywide_MEAN,PREV_CHANNEL_TYPE_Creditandcashoffices_MEAN,PREV_CHANNEL_TYPE_RegionalLocal_MEAN,PREV_CHANNEL_TYPE_Stone_MEAN,PREV_CHANNEL_TYPE_nan_MEAN,PREV_NAME_SELLER_INDUSTRY_Autotechnology_MEAN,PREV_NAME_SELLER_INDUSTRY_Clothing_MEAN,PREV_NAME_SELLER_INDUSTRY_Connectivity_MEAN,PREV_NAME_SELLER_INDUSTRY_Construction_MEAN,PREV_NAME_SELLER_INDUSTRY_Consumerelectronics_MEAN,PREV_NAME_SELLER_INDUSTRY_Furniture_MEAN,PREV_NAME_SELLER_INDUSTRY_Industry_MEAN,PREV_NAME_SELLER_INDUSTRY_Jewelry_MEAN,PREV_NAME_SELLER_INDUSTRY_MLMpartners_MEAN,PREV_NAME_SELLER_INDUSTRY_Tourism_MEAN,PREV_NAME_SELLER_INDUSTRY_XNA_MEAN,PREV_NAME_SELLER_INDUSTRY_nan_MEAN,PREV_NAME_YIELD_GROUP_XNA_MEAN,PREV_NAME_YIELD_GROUP_high_MEAN,PREV_NAME_YIELD_GROUP_low_action_MEAN,PREV_NAME_YIELD_GROUP_low_normal_MEAN,PREV_NAME_YIELD_GROUP_middle_MEAN,PREV_NAME_YIELD_GROUP_nan_MEAN,PREV_PRODUCT_COMBINATION_CardStreet_MEAN,PREV_PRODUCT_COMBINATION_CardXSell_MEAN,PREV_PRODUCT_COMBINATION_Cash_MEAN,PREV_PRODUCT_COMBINATION_CashStreethigh_MEAN,PREV_PRODUCT_COMBINATION_CashStreetlow_MEAN,PREV_PRODUCT_COMBINATION_CashStreetmiddle_MEAN,PREV_PRODUCT_COMBINATION_CashXSellhigh_MEAN,PREV_PRODUCT_COMBINATION_CashXSelllow_MEAN,PREV_PRODUCT_COMBINATION_CashXSellmiddle_MEAN,PREV_PRODUCT_COMBINATION_POShouseholdwithinterest_MEAN,PREV_PRODUCT_COMBINATION_POShouseholdwithoutinterest_MEAN,PREV_PRODUCT_COMBINATION_POSindustrywithinterest_MEAN,PREV_PRODUCT_COMBINATION_POSindustrywithoutinterest_MEAN,PREV_PRODUCT_COMBINATION_POSmobilewithinterest_MEAN,PREV_PRODUCT_COMBINATION_POSmobilewithoutinterest_MEAN,PREV_PRODUCT_COMBINATION_POSotherwithinterest_MEAN,PREV_PRODUCT_COMBINATION_POSotherswithoutinterest_MEAN,PREV_PRODUCT_COMBINATION_nan_MEAN,POS_MONTHS_BALANCE_MAX,POS_MONTHS_BALANCE_MEAN,POS_MONTHS_BALANCE_SIZE,POS_SK_DPD_MAX,POS_SK_DPD_MEAN,POS_SK_DPD_DEF_MAX,POS_SK_DPD_DEF_MEAN,POS_NAME_CONTRACT_STATUS_Active_MEAN,POS_NAME_CONTRACT_STATUS_Amortizeddebt_MEAN,POS_NAME_CONTRACT_STATUS_Approved_MEAN,POS_NAME_CONTRACT_STATUS_Canceled_MEAN,POS_NAME_CONTRACT_STATUS_Completed_MEAN,POS_NAME_CONTRACT_STATUS_Demand_MEAN,POS_NAME_CONTRACT_STATUS_Returnedtothestore_MEAN,POS_NAME_CONTRACT_STATUS_Signed_MEAN,POS_NAME_CONTRACT_STATUS_XNA_MEAN,POS_NAME_CONTRACT_STATUS_nan_MEAN,POS_COUNT,INSTAL_NUM_INSTALMENT_VERSION_NUNIQUE,INSTAL_DPD_MAX,INSTAL_DPD_MEAN,INSTAL_DPD_SUM,INSTAL_DBD_MAX,INSTAL_DBD_MEAN,INSTAL_DBD_SUM,INSTAL_PAYMENT_DIFF_SUM,INSTAL_AMT_INSTALMENT_MAX,INSTAL_AMT_INSTALMENT_MEAN,INSTAL_AMT_INSTALMENT_SUM,INSTAL_AMT_PAYMENT_SUM,INSTAL_DAYS_ENTRY_PAYMENT_SUM,INSTAL_COUNT,CC_MONTHS_BALANCE_MIN,CC_MONTHS_BALANCE_MAX,CC_MONTHS_BALANCE_MEAN,CC_MONTHS_BALANCE_SUM,CC_AMT_BALANCE_MIN,CC_AMT_BALANCE_MAX,CC_AMT_BALANCE_MEAN,CC_AMT_BALANCE_SUM,CC_AMT_CREDIT_LIMIT_ACTUAL_MIN,CC_AMT_CREDIT_LIMIT_ACTUAL_MAX,CC_AMT_CREDIT_LIMIT_ACTUAL_MEAN,CC_AMT_CREDIT_LIMIT_ACTUAL_SUM,CC_AMT_DRAWINGS_ATM_CURRENT_SUM,CC_AMT_DRAWINGS_CURRENT_MIN,CC_AMT_DRAWINGS_CURRENT_MAX,CC_AMT_DRAWINGS_CURRENT_MEAN,CC_AMT_DRAWINGS_CURRENT_SUM,CC_AMT_DRAWINGS_OTHER_CURRENT_SUM,CC_AMT_DRAWINGS_POS_CURRENT_SUM,CC_AMT_INST_MIN_REGULARITY_MIN,CC_AMT_INST_MIN_REGULARITY_MAX,CC_AMT_INST_MIN_REGULARITY_MEAN,CC_AMT_INST_MIN_REGULARITY_SUM,CC_AMT_PAYMENT_CURRENT_SUM,CC_AMT_PAYMENT_TOTAL_CURRENT_MIN,CC_AMT_PAYMENT_TOTAL_CURRENT_MAX,CC_AMT_PAYMENT_TOTAL_CURRENT_MEAN,CC_AMT_PAYMENT_TOTAL_CURRENT_SUM,CC_AMT_RECEIVABLE_PRINCIPAL_MIN,CC_AMT_RECEIVABLE_PRINCIPAL_MAX,CC_AMT_RECEIVABLE_PRINCIPAL_MEAN,CC_AMT_RECEIVABLE_PRINCIPAL_SUM,CC_AMT_RECIVABLE_MIN,CC_AMT_RECIVABLE_MAX,CC_AMT_RECIVABLE_MEAN,CC_AMT_RECIVABLE_SUM,CC_AMT_TOTAL_RECEIVABLE_MIN,CC_AMT_TOTAL_RECEIVABLE_MAX,CC_AMT_TOTAL_RECEIVABLE_MEAN,CC_AMT_TOTAL_RECEIVABLE_SUM,CC_CNT_DRAWINGS_ATM_CURRENT_SUM,CC_CNT_DRAWINGS_CURRENT_MIN,CC_CNT_DRAWINGS_CURRENT_MAX,CC_CNT_DRAWINGS_CURRENT_MEAN,CC_CNT_DRAWINGS_CURRENT_SUM,CC_CNT_DRAWINGS_OTHER_CURRENT_SUM,CC_CNT_DRAWINGS_POS_CURRENT_SUM,CC_CNT_INSTALMENT_MATURE_CUM_MIN,CC_CNT_INSTALMENT_MATURE_CUM_MAX,CC_CNT_INSTALMENT_MATURE_CUM_MEAN,CC_CNT_INSTALMENT_MATURE_CUM_SUM,CC_SK_DPD_MIN,CC_SK_DPD_MAX,CC_SK_DPD_MEAN,CC_SK_DPD_SUM,CC_SK_DPD_DEF_MIN,CC_SK_DPD_DEF_MAX,CC_SK_DPD_DEF_MEAN,CC_SK_DPD_DEF_SUM,CC_NAME_CONTRACT_STATUS_Active_MIN,CC_NAME_CONTRACT_STATUS_Active_MAX,CC_NAME_CONTRACT_STATUS_Active_MEAN,CC_NAME_CONTRACT_STATUS_Active_SUM,CC_NAME_CONTRACT_STATUS_Approved_MIN,CC_NAME_CONTRACT_STATUS_Approved_MAX,CC_NAME_CONTRACT_STATUS_Approved_MEAN,CC_NAME_CONTRACT_STATUS_Approved_SUM,CC_NAME_CONTRACT_STATUS_Completed_MIN,CC_NAME_CONTRACT_STATUS_Completed_MAX,CC_NAME_CONTRACT_STATUS_Completed_MEAN,CC_NAME_CONTRACT_STATUS_Completed_SUM,CC_NAME_CONTRACT_STATUS_Demand_MIN,CC_NAME_CONTRACT_STATUS_Demand_MAX,CC_NAME_CONTRACT_STATUS_Demand_MEAN,CC_NAME_CONTRACT_STATUS_Demand_SUM,CC_NAME_CONTRACT_STATUS_Refused_MIN,CC_NAME_CONTRACT_STATUS_Refused_MAX,CC_NAME_CONTRACT_STATUS_Refused_MEAN,CC_NAME_CONTRACT_STATUS_Refused_SUM,CC_NAME_CONTRACT_STATUS_Sentproposal_MIN,CC_NAME_CONTRACT_STATUS_Sentproposal_MAX,CC_NAME_CONTRACT_STATUS_Sentproposal_MEAN,CC_NAME_CONTRACT_STATUS_Sentproposal_SUM,CC_NAME_CONTRACT_STATUS_Signed_MIN,CC_NAME_CONTRACT_STATUS_Signed_MAX,CC_NAME_CONTRACT_STATUS_Signed_MEAN,CC_NAME_CONTRACT_STATUS_Signed_SUM,CC_COUNT,prediction,proba
392266,0,1,0,0,0,247500.0,1035832.5,30415.5,0.016612,-14465,-2257.0,-4487,1,1,0,1,0,1,2.0,2,11,0,0,0,0,0,0,0.5727866927155361,0.1437580534911652,2.0,0.0,0.0,-2198.0,0,1,0,0,0,0,0,0,0,0,0,0,0,0,0,0,0,0,0,0,0.0,0.0,0.0,1.0,1.0,1.0,1,0,0,1,0,0,0,0,0,0,0,0,1,0,0,0,0,0,0,0,1,0,1,0,0,0,0,1,0,0,0,0,0,0,0,0,1,0,0,0,0,0,0,0,0,0,0,0,0,0,0,0,0,0,0,0,0,0,0,0,0,0,0,0,0,0,0,1,0,0,0,0,0,0,0,0,0,0,0,0,0,0,0,0,0,0,0,0,0,0,0,0,0,0,0,0,0.2389382453244129,123750.0,0.122890909090909,0.0293633381845037,-2906,-22,-1357.76,-640.76,0,0.0,963000.0,181204.92,4530123.0,1155883.68,0.0,4442.085,0,433.0,0.32,0.0,0.68,0.0,0.0,1.0,0.0,0.0,0.0,0.0,0.0,0.0,0.0,0.6,0.4,0.0,0.0,0.0,0.0,0.0,0.0,0.0,0.0,0.0,0.0,0.0,0.0,675000.0,124173.084375,0.0,732915.0,172694.334375,11,19,14.5,-2919,-9,-1376.0,58.0,0.25,0.5,0.25,0.0,0.0,0.125,0.0,0.125,0.125,0.375,0.25,0.0,0.0,0.125,0.875,0.0,0.0,0.0,0.0,0.0,0.0,0.0,0.0,0.0,0.0,0.0,0.0,0.0,0.0,0.0,0.0,0.0,0.0,0.0,0.0,0.0,0.0,0.0,0.0,0.75,0.25,0.0,0.625,0.125,0.25,0.0,0.0,0.625,0.0,0.0,0.375,0.0,0.0,0.0,0.0,0.125,0.0,0.125,0.0,0.75,0.0,0.0,0.0,0.0,0.0,0.0,0.0,0.125,0.125,0.75,0.0,0.0,1.0,0.0,0.0,0.0,0.0,0.125,0.0,0.125,0.0,0.0,0.0,0.0,0.0,0.0,0.0,0.0,0.0,0.0,0.0,0.0,0.0,0.0,0.25,0.0,0.0,0.0,0.0,0.0,0.0,0.0,0.5,0.0,0.25,0.0,0.125,0.375,0.25,0.0,0.625,0.125,0.25,0.0,0.0,0.0,0.0,0.0,0.375,0.5,0.125,0.0,0.0,0.0,0.125,0.25,0.0,0.125,0.0,0.0,0.0,0.0,0.0,0.5,0.0,0.5,0.0,0.0,0.5,0.0,0.0,0.25,0.0,0.125,0.0,0.125,0.0,0.0,0.0,0.0,0.0,0.125,0.125,0.0,0.125,0.125,0.0,0.0,0.0,-2,-31.05084745762712,59,0,0.0,0,0.0,0.9152542372881356,0.0,0.0169491525423728,0.0,0.0677966101694915,0.0,0.0,0.0,0.0,0.0,59,3,29.0,0.4432989690721649,43.0,28.0,4.144329896907217,402.0,31500.0,69840.0,16131.274329896904,1564733.61,1533233.61,-149118.0,97,-93,-2,-47.5,-4370,0.0,135811.35,24141.76336956522,2221042.23,0,157500,131820.65217391303,12127500,229500.0,0.0,130500.0,2531.4290217391303,232891.47,0.0,0.0,0.0,7875.0,1916.1044505494503,174365.505,346163.445,0.0,77715.0,3676.7934782608695,338265.0,0.0,130500.0,22853.54983695652,2102526.585,0.0,135811.35,24154.339402173915,2222199.225,0.0,135811.35,24178.306793478263,2224404.225,11.0,0,6,0.1195652173913043,11,0.0,0.0,1.0,23.0,20.21978021978022,1840.0,0,1,0.0543478260869565,5,0,1,0.0543478260869565,5,0,1,0.9456521739130436,87,0,0,0.0,0,0,1,0.0543478260869565,5,0,0,0.0,0,0,0,0.0,0,0,0,0.0,0,0,0,0.0,0,92,0,0.46054776444914064
172394,1,0,1,0,0,247500.0,509400.0,40374.0,0.018801,-19796,-4483.0,-2049,1,1,0,1,0,1,2.0,2,13,0,0,0,0,0,0,0.6355193206860772,0.1229554179088549,5.0,0.0,0.0,-1590.0,0,1,0,0,0,0,0,0,0,0,0,0,0,0,0,0,0,0,0,0,0.0,0.0,0.0,0.0,0.0,3.0,1,0,0,0,0,0,0,0,1,0,1,0,0,0,0,0,0,1,0,0,0,0,1,0,0,0,0,1,0,0,0,0,0,0,0,1,0,0,0,0,0,0,0,0,0,0,1,0,0,0,0,0,0,0,0,0,0,0,0,0,0,0,0,0,0,0,0,0,0,0,0,0,0,0,0,0,0,0,0,0,0,0,0,0,0,0,0,0,0,0,0,0,0,0,0,0,0.4858657243816254,123750.0,0.1631272727272727,0.0792579505300353,-928,-51,-362.2,-141.4,0,0.0,675000.0,204674.193,1023370.965,866907.0,0.0,0.0,0,34.0,0.6,0.0,0.4,0.0,0.0,1.0,0.0,0.0,0.0,0.0,0.0,0.0,0.0,0.4,0.6,0.0,0.0,0.0,0.0,0.0,0.0,0.0,0.0,0.0,0.0,0.0,0.0,225000.0,100938.0,85518.0,427500.0,260856.0,9,21,14.666666666666666,-1590,-1018,-1288.6666666666667,48.0,0.3333333333333333,0.3333333333333333,0.3333333333333333,0.0,0.0,0.0,0.0,0.3333333333333333,0.0,0.3333333333333333,0.3333333333333333,0.0,0.0,0.0,1.0,0.0,0.0,0.0,0.0,0.0,0.0,0.0,0.0,0.0,0.0,0.0,0.0,0.0,0.0,0.0,0.0,0.0,0.0,0.0,0.0,0.0,0.0,0.0,0.0,0.6666666666666666,0.3333333333333333,0.0,1.0,0.0,0.0,0.0,0.0,0.6666666666666666,0.0,0.0,0.3333333333333333,0.0,0.0,0.0,0.0,0.0,0.0,0.0,0.0,1.0,0.0,0.0,0.0,0.0,0.0,0.0,0.0,0.0,0.6666666666666666,0.3333333333333333,0.3333333333333333,0.0,0.6666666666666666,0.0,0.0,0.0,0.0,0.3333333333333333,0.0,0.0,0.0,0.0,0.0,0.0,0.0,0.0,0.0,0.0,0.0,0.0,0.0,0.0,0.0,0.0,0.0,0.0,0.0,0.0,0.0,0.0,0.0,0.0,0.6666666666666666,0.0,0.3333333333333333,0.0,0.3333333333333333,0.3333333333333333,0.0,0.0,0.3333333333333333,0.0,0.6666666666666666,0.0,0.0,0.0,0.0,0.3333333333333333,0.3333333333333333,0.3333333333333333,0.0,0.0,0.0,0.0,0.0,0.0,0.0,0.3333333333333333,0.0,0.0,0.0,0.0,0.0,0.6666666666666666,0.0,0.3333333333333333,0.6666666666666666,0.0,0.0,0.0,0.0,0.0,0.3333333333333333,0.0,0.0,0.0,0.0,0.3333333333333333,0.0,0.0,0.3333333333333333,0.0,0.0,0.0,0.0,0.0,0.0,0.0,0.0,-17,-34.1,30,7,0.7,3,0.1333333333333333,0.9333333333333332,0.0,0.0,0.0,0.0666666666666666,0.0,0.0,0.0,0.0,0.0,30,5,34.0,2.375,266.0,58.0,5.928571428571429,664.0,-120356.505,383760.045,14396.993035714286,1612463.22,1732819.725,-83426.0,112,-41,-2,-21.5,-860,0.0,432198.0,189893.35125,7595734.05,0,427500,244687.5,9787500,652500.0,0.0,144000.0,20827.040625,833081.625,0.0,180581.625,0.0,22270.365,10414.998947368422,395769.96,995448.78,0.0,405229.635,23473.65375,938946.15,0.0,416894.04,182592.430875,7303697.235,0.0,430852.5,188691.62625,7547665.05,0.0,430852.5,188691.62625,7547665.05,43.0,0,8,1.35,54,0.0,11.0,1.0,36.0,18.73684210526316,712.0,0,18,0.45,18,0,0,0.0,0,1,1,1.0,40,0,0,0.0,0,0,0,0.0,0,0,0,0.0,0,0,0,0.0,0,0,0,0.0,0,0,0,0.0,0,40,0,0.42531482918249036
384006,0,0,1,1,0,225000.0,754740.0,20038.5,0.010966,-9758,-1165.0,-2432,1,1,0,1,0,0,1.0,2,12,0,0,0,0,0,0,0.6202545061570619,0.2970866116472028,1.0,1.0,0.0,-779.0,0,1,0,0,0,0,0,0,0,0,0,0,0,0,1,0,0,0,0,0,0.0,0.0,0.0,0.0,0.0,5.0,1,0,0,0,0,0,0,0,1,0,0,0,0,0,0,1,0,1,0,0,0,0,0,0,1,0,0,1,0,0,0,0,0,0,0,1,0,0,0,0,0,0,0,0,0,0,0,0,0,0,0,0,0,0,0,0,0,0,0,0,0,0,0,0,0,0,0,0,0,0,0,0,0,0,0,0,0,0,0,0,0,0,0,0,0,0,0,0,0,0,1,0,0,0,0,0,0.2981159074648223,225000.0,0.08906,0.026550202718817,-902,-100,-473.0,-160.8,0,0.0,2250000.0,716656.068,3583280.34,0.0,0.0,0.0,0,0.0,0.6,0.0,0.4,0.0,0.0,1.0,0.0,0.0,0.0,0.0,0.0,0.2,0.0,0.4,0.4,0.0,0.0,0.0,0.0,0.0,0.0,0.0,0.0,0.0,0.0,0.0,0.0,1350000.0,301867.5,0.0,1350000.0,321047.25,10,19,13.5,-2177,-100,-623.0,104.0,0.6666666666666666,0.1666666666666666,0.1666666666666666,0.0,0.0,0.1666666666666666,0.5,0.0,0.0,0.3333333333333333,0.0,0.0,0.0,0.0,1.0,0.0,0.0,0.0,0.0,0.0,0.0,0.0,0.0,0.0,0.0,0.0,0.0,0.0,0.0,0.0,0.0,0.0,0.0,0.0,0.0,0.0,0.1666666666666666,0.0,0.0,0.3333333333333333,0.5,0.0,0.5,0.3333333333333333,0.1666666666666666,0.0,0.0,0.5,0.0,0.0,0.5,0.0,0.0,0.1666666666666666,0.0,0.0,0.0,0.0,0.0,0.8333333333333334,0.0,0.0,0.0,0.0,0.0,0.0,0.0,0.0,0.5,0.5,0.1666666666666666,0.1666666666666666,0.6666666666666666,0.0,0.0,0.0,0.0,0.0,0.0,0.0,0.0,0.0,0.0,0.0,0.0,0.0,0.0,0.0,0.0,0.0,0.0,0.0,0.0,0.0,0.1666666666666666,0.0,0.0,0.0,0.0,0.0,0.0,0.0,0.8333333333333334,0.0,0.1666666666666666,0.0,0.3333333333333333,0.1666666666666666,0.3333333333333333,0.0,0.5,0.3333333333333333,0.1666666666666666,0.0,0.0,0.0,0.3333333333333333,0.0,0.1666666666666666,0.5,0.0,0.0,0.0,0.0,0.0,0.0,0.0,0.1666666666666666,0.0,0.0,0.0,0.0,0.0,0.8333333333333334,0.0,0.5,0.1666666666666666,0.0,0.3333333333333333,0.0,0.0,0.1666666666666666,0.0,0.3333333333333333,0.0,0.1666666666666666,0.0,0.0,0.1666666666666666,0.0,0.1666666666666666,0.0,0.0,0.0,0.0,0.0,0.0,0.0,0.0,-24,-57.0,7,0,0.0,0,0.0,0.8571428571428571,0.0,0.0,0.0,0.1428571428571428,0.0,0.0,0.0,0.0,0.0,7,2,0.0,0.0,0.0,44.0,25.8,129.0,0.0,1376698.68,281073.132,1405365.66,1405365.66,-9254.0,5,-17,-3,-10.0,-150,0.0,0.0,0.0,0.0,45000,45000,45000.0,675000,0.0,0.0,0.0,0.0,0.0,0.0,0.0,0.0,0.0,0.0,0.0,0.0,0.0,0.0,0.0,0.0,0.0,0.0,0.0,0.0,0.0,0.0,0.0,0.0,0.0,0.0,0.0,0.0,0.0,0,0,0.0,0,0.0,0.0,0.0,0.0,0.0,0.0,0,0,0.0,0,0,0,0.0,0,1,1,1.0,15,0,0,0.0,0,0,0,0.0,0,0,0,0.0,0,0,0,0.0,0,0,0,0.0,0,0,0,0.0,0,15,1,0.5096886030360462
301656,0,1,1,1,0,90000.0,454500.0,13419.0,0.018209,-20982,-9453.0,-4283,1,0,0,1,1,0,2.0,3,11,0,0,0,0,0,0,0.2327383851174112,0.5902333386185574,2.0,2.0,1.0,-2447.0,0,0,0,0,1,0,0,0,0,0,0,0,0,0,0,0,0,0,0,0,0.0,0.0,0.0,0.0,0.0,2.0,1,0,0,0,0,0,0,0,1,0,0,1,0,0,0,0,0,0,0,0,1,0,1,0,0,0,0,1,0,0,0,0,0,0,0,0,0,0,1,0,0,0,0,0,1,0,0,0,0,0,0,0,0,0,0,0,0,0,0,0,0,0,0,0,0,0,0,0,0,0,0,0,0,0,0,0,0,0,0,0,0,0,0,0,0,0,0,0,0,0,0,0,0,0,0,0,0.198019801980198,45000.0,0.1491,0.0295247524752475,-2819,-136,-1385.888888888889,-895.3333333333334,0,0.0,152172.0,79853.04999999999,718677.45,0.0,0.0,0.0,0,0.0,0.3333333333333333,0.0,0.6666666666666666,0.0,0.0,1.0,0.0,0.0,0.0,0.0,0.0,0.0,0.0,1.0,0.0,0.0,0.0,0.0,0.0,0.0,0.0,0.0,0.0,0.0,0.0,0.0,0.0,360000.0,113879.25,15961.5,360000.0,138081.375,8,16,10.5,-2447,-443,-965.0,70.0,0.25,0.5,0.25,0.0,0.0,0.0,0.0,0.0,0.25,0.0,0.75,0.0,0.0,0.0,1.0,0.0,0.0,0.0,0.0,0.0,0.0,0.0,0.0,0.0,0.0,0.0,0.0,0.0,0.0,0.0,0.0,0.0,0.0,0.0,0.0,0.0,0.0,0.0,0.0,0.75,0.25,0.0,1.0,0.0,0.0,0.0,0.0,0.5,0.0,0.0,0.5,0.0,0.0,0.0,0.0,0.0,0.0,0.0,0.0,1.0,0.0,0.0,0.0,0.0,0.0,0.0,0.0,0.0,0.25,0.75,0.25,0.75,0.0,0.0,0.0,0.0,0.0,0.0,0.0,0.0,0.25,0.0,0.0,0.0,0.0,0.0,0.0,0.0,0.0,0.0,0.0,0.0,0.0,0.0,0.25,0.0,0.0,0.0,0.0,0.0,0.0,0.0,0.5,0.0,0.25,0.0,0.25,0.5,0.0,0.0,0.5,0.0,0.5,0.0,0.0,0.0,0.0,0.25,0.75,0.0,0.0,0.0,0.0,0.0,0.0,0.25,0.0,0.5,0.0,0.0,0.0,0.0,0.0,0.25,0.0,0.25,0.25,0.0,0.5,0.0,0.0,0.0,0.25,0.0,0.0,0.0,0.0,0.0,0.25,0.0,0.25,0.0,0.0,0.0,0.25,0.0,0.0,0.0,0.0,-6,-47.833333333333336,24,3,0.25,3,0.25,0.9166666666666666,0.0,0.0,0.0,0.0416666666666666,0.0,0.0,0.0416666666666666,0.0,0.0,24,2,24.0,1.3333333333333333,28.0,22.0,9.61904761904762,202.0,0.0,18960.255,5584.695,117278.595,117278.595,-29766.0,21,-15,-3,-9.0,-117,0.0,0.0,0.0,0.0,90000,90000,90000.0,1170000,0.0,0.0,0.0,0.0,0.0,0.0,0.0,0.0,0.0,0.0,0.0,0.0,0.0,0.0,0.0,0.0,0.0,0.0,0.0,0.0,0.0,0.0,0.0,0.0,0.0,0.0,0.0,0.0,0.0,0,0,0.0,0,0.0,0.0,0.0,0.0,0.0,0.0,0,0,0.0,0,0,0,0.0,0,1,1,1.0,13,0,0,0.0,0,0,0,0.0,0,0,0,0.0,0,0,0,0.0,0,0,0,0.0,0,0,0,0.0,0,13,1,0.5503603313139361
333408,0,1,0,1,0,270000.0,1800000.0,52632.0,0.010006,-14977,-6956.0,-4626,1,1,0,1,1,0,2.0,2,8,0,0,0,0,0,0,0.577088659376603,0.7922644738669378,0.0,0.0,0.0,-403.0,0,1,0,0,0,0,0,0,0,0,0,0,0,0,0,0,0,0,0,0,0.0,0.0,0.0,0.0,0.0,1.0,1,0,0,0,0,0,0,0,1,0,1,0,0,0,0,0,0,0,1,0,0,0,1,0,0,0,0,1,0,0,0,0,0,0,0,0,0,1,0,0,0,0,0,0,0,0,0,0,0,0,0,0,0,0,0,0,0,0,0,0,0,0,0,0,0,0,0,0,0,0,0,0,0,0,0,0,0,0,0,0,0,1,0,0,0,0,0,0,0,0,0,0,0,0,0,0,0.15,135000.0,0.1949333333333333,0.02924,-2639,-579,-1644.7272727272727,-678.8181818181819,0,0.0,1845000.0,393090.0954545455,4323991.05,623727.0,0.0,0.0,0,0.0,0.2727272727272727,0.0,0.7272727272727273,0.0,0.0,1.0,0.0,0.0,0.0,0.0,0.0,0.0,0.0,0.4545454545454545,0.5454545454545454,0.0,0.0,0.0,0.0,0.0,0.0,0.0,0.0,0.0,0.0,0.0,373612.5,373612.5,373612.5,373612.5,373612.5,373612.5,11,11,11.0,-403,-403,-403.0,12.0,0.0,1.0,0.0,0.0,0.0,1.0,0.0,0.0,0.0,0.0,0.0,0.0,0.0,0.0,1.0,0.0,0.0,0.0,0.0,0.0,0.0,0.0,0.0,0.0,0.0,0.0,0.0,0.0,0.0,0.0,0.0,0.0,0.0,0.0,0.0,0.0,0.0,0.0,0.0,1.0,0.0,0.0,1.0,0.0,0.0,0.0,0.0,1.0,0.0,0.0,0.0,0.0,0.0,0.0,0.0,0.0,0.0,0.0,0.0,1.0,0.0,0.0,0.0,0.0,0.0,0.0,0.0,0.0,0.0,1.0,0.0,0.0,1.0,0.0,0.0,0.0,0.0,0.0,0.0,0.0,0.0,0.0,0.0,0.0,0.0,0.0,0.0,0.0,1.0,0.0,0.0,0.0,0.0,0.0,0.0,0.0,0.0,0.0,0.0,0.0,0.0,0.0,0.0,0.0,0.0,0.0,0.0,1.0,0.0,0.0,1.0,0.0,0.0,0.0,0.0,0.0,0.0,0.0,1.0,0.0,0.0,0.0,0.0,0.0,0.0,0.0,1.0,0.0,0.0,0.0,0.0,0.0,0.0,0.0,0.0,0.0,0.0,0.0,1.0,0.0,0.0,0.0,0.0,0.0,0.0,0.0,0.0,0.0,0.0,0.0,0.0,0.0,0.0,0.0,0.0,0.0,1.0,0.0,0.0,-3,-63.333333333333336,33,0,0.0,0,0.0,0.9090909090909092,0.0,0.0,0.0,0.0909090909090909,0.0,0.0,0.0,0.0,0.0,33,6,0.0,0.0,0.0,46.0,18.7,374.0,-159609.465,59579.91,23266.064250000003,465321.285,624930.75,-26210.0,20,-96,-3,-49.5,-4653,0.0,0.0,0.0,0.0,0,67500,22978.72340425532,2160000,0.0,0.0,0.0,0.0,0.0,0.0,0.0,0.0,0.0,0.0,0.0,0.0,0.0,0.0,0.0,0.0,0.0,0.0,0.0,0.0,0.0,0.0,0.0,0.0,0.0,0.0,0.0,0.0,0.0,0,0,0.0,0,0.0,0.0,0.0,0.0,0.0,0.0,0,0,0.0,0,0,0,0.0,0,1,1,1.0,94,0,0,0.0,0,0,0,0.0,0,0,0,0.0,0,0,0,0.0,0,0,0,0.0,0,0,0,0.0,0,94,1,0.5919921964946734
319129,0,0,1,0,0,157500.0,720000.0,21181.5,0.072508,-22708,-13683.0,-4579,1,0,0,1,0,0,2.0,1,11,0,0,0,0,0,0,0.7210713825116298,0.4740512892789932,0.0,0.0,0.0,-658.0,0,0,0,0,1,0,0,0,0,0,0,0,0,0,0,0,0,0,0,0,0.0,0.0,0.0,0.0,0.0,0.0,1,0,0,0,0,0,0,0,1,0,0,1,0,0,0,0,0,0,0,0,1,0,1,0,0,0,0,1,0,0,0,0,0,0,0,0,0,0,1,0,0,0,0,0,1,0,0,0,0,0,0,0,0,0,0,0,0,0,0,0,0,0,0,0,0,0,0,0,0,0,0,0,0,0,0,0,0,0,0,0,0,0,0,0,0,0,0,0,0,0,0,0,0,0,0,0,0.21875,78750.0,0.1344857142857143,0.02941875,-471,-471,-471.0,-9.0,0,0.0,306000.0,306000.0,306000.0,31495.5,0.0,274140.36,0,0.0,1.0,0.0,0.0,0.0,0.0,1.0,0.0,0.0,0.0,0.0,0.0,0.0,0.0,0.0,1.0,0.0,0.0,0.0,0.0,0.0,0.0,0.0,0.0,0.0,0.0,0.0,229500.0,229500.0,229500.0,241920.0,241920.0,241920.0,12,12,12.0,-658,-658,-658.0,12.0,1.0,0.0,0.0,0.0,0.0,0.0,0.0,0.0,0.0,0.0,0.0,1.0,0.0,0.0,1.0,0.0,0.0,0.0,0.0,0.0,0.0,0.0,0.0,0.0,0.0,0.0,0.0,0.0,0.0,0.0,0.0,0.0,0.0,0.0,0.0,0.0,0.0,0.0,0.0,0.0,1.0,0.0,1.0,0.0,0.0,0.0,0.0,1.0,0.0,0.0,0.0,0.0,0.0,0.0,0.0,0.0,0.0,0.0,0.0,1.0,0.0,0.0,0.0,0.0,0.0,0.0,0.0,0.0,1.0,0.0,0.0,0.0,1.0,0.0,0.0,0.0,0.0,0.0,0.0,0.0,0.0,0.0,0.0,0.0,0.0,0.0,0.0,0.0,0.0,0.0,0.0,0.0,0.0,0.0,0.0,0.0,0.0,0.0,0.0,0.0,0.0,0.0,1.0,0.0,0.0,0.0,1.0,0.0,0.0,0.0,0.0,0.0,1.0,0.0,0.0,0.0,0.0,0.0,0.0,1.0,0.0,0.0,0.0,0.0,0.0,0.0,0.0,0.0,0.0,0.0,0.0,0.0,0.0,1.0,0.0,0.0,0.0,0.0,1.0,0.0,0.0,0.0,0.0,0.0,0.0,0.0,0.0,0.0,1.0,0.0,0.0,0.0,0.0,0.0,0.0,0.0,0.0,0.0,0.0,-9,-15.5,14,0,0.0,0,0.0,0.9285714285714286,0.0,0.0,0.0,0.0714285714285714,0.0,0.0,0.0,0.0,0.0,14,2,1.0,0.0056497175141242,1.0,30.0,4.610169491525424,816.0,0.0,31500.0,7602.12813559322,1345576.68,1345576.68,-233307.0,177,-96,-1,-48.5,-4656,0.0,315843.12,75520.50609375,7249968.585,135000,315000,176484.375,16942500,724050.0,0.0,129960.0,11298.285000000002,1084635.36,102960.0,257625.36,0.0,12150.0,6535.385109890111,594720.045,1066203.54,0.0,31500.0,11070.67546875,1062784.845,0.0,304096.905,72476.833125,6957775.98,0.0,316068.12,75537.06375,7251558.12,0.0,316068.12,75537.06375,7251558.12,37.0,0,5,0.6041666666666666,58,1.0,20.0,1.0,71.0,35.42857142857143,3224.0,0,0,0.0,0,0,0,0.0,0,1,1,1.0,96,0,0,0.0,0,0,0,0.0,0,0,0,0.0,0,0,0,0.0,0,0,0,0.0,0,0,0,0.0,0,96,0,0.42278062552110557
197753,0,1,0,0,0,135000.0,675000.0,53460.0,0.0145199999999999,-13741,-706.0,-712,1,0,0,1,0,0,2.0,2,13,0,0,0,0,0,0,0.6184191603985886,0.4740512892789932,0.0,0.0,0.0,-543.0,0,1,0,0,0,0,0,0,0,0,0,0,0,0,0,0,0,0,0,0,0.0,0.0,0.0,0.0,0.0,3.0,1,0,0,0,0,0,0,0,1,0,0,1,0,0,0,0,0,0,0,0,1,0,1,0,0,0,0,1,0,0,0,0,0,1,0,0,0,0,0,0,0,0,0,0,1,0,0,0,0,0,0,0,0,0,0,0,0,0,0,0,0,0,0,0,0,0,0,0,0,0,0,0,0,0,0,0,0,0,0,0,0,0,0,0,0,0,0,0,0,0,0,0,0,0,0,0,0.2,67500.0,0.396,0.0792,-454,-454,-454.0,-83.0,0,0.0,180000.0,180000.0,180000.0,151114.5,0.0,0.0,0,15.0,1.0,0.0,0.0,0.0,0.0,1.0,0.0,0.0,0.0,0.0,0.0,0.0,0.0,0.0,1.0,0.0,0.0,0.0,0.0,0.0,0.0,0.0,0.0,0.0,0.0,0.0,0.0,225000.0,144017.1,0.0,225000.0,155106.9,12,14,13.6,-543,-346,-450.0,72.0,0.0,0.6,0.4,0.0,0.0,0.6,0.0,0.0,0.0,0.4,0.0,0.0,0.0,0.0,1.0,0.0,0.0,0.0,0.0,0.0,0.0,0.0,0.0,0.0,0.0,0.0,0.0,0.0,0.0,0.0,0.0,0.0,0.0,0.0,0.0,0.0,0.0,0.0,0.0,1.0,0.0,0.0,0.4,0.2,0.4,0.0,0.0,0.6,0.0,0.0,0.4,0.0,0.0,0.0,0.2,0.2,0.0,0.0,0.0,0.6,0.0,0.0,0.0,0.0,0.0,0.0,0.0,0.0,0.4,0.6,0.4,0.0,0.6,0.0,0.0,0.0,0.0,0.0,0.0,0.0,0.4,0.0,0.2,0.0,0.0,0.0,0.0,0.0,0.0,0.0,0.0,0.0,0.0,0.0,0.0,0.0,0.0,0.0,0.0,0.0,0.0,0.0,0.4,0.0,0.2,0.0,0.0,0.6,0.2,0.0,0.8,0.0,0.2,0.0,0.0,0.0,0.0,0.0,0.6,0.4,0.0,0.0,0.0,0.0,0.0,0.0,0.0,0.6,0.0,0.0,0.0,0.0,0.0,0.4,0.0,0.4,0.0,0.4,0.2,0.0,0.0,0.2,0.2,0.0,0.0,0.0,0.0,0.0,0.0,0.0,0.2,0.4,0.0,0.0,0.0,0.0,0.0,0.0,0.0,-8,-13.0,11,0,0.0,0,0.0,0.8181818181818182,0.0,0.0,0.0,0.0909090909090909,0.0,0.0,0.0909090909090909,0.0,0.0,11,3,7.0,0.4516129032258064,14.0,75.0,14.741935483870968,457.0,0.0,138849.48,11399.214193548389,353375.64,353375.64,-7529.0,31,-11,-1,-6.0,-66,89910.0,216858.645,162183.915,1784023.065,171000,225000,205363.63636363635,2259000,45000.0,0.0,122618.835,19461.497727272726,214076.475,0.0,169076.475,0.0,10874.295,7157.352272727273,78730.875,132525.0,0.0,22500.0,9341.889545454544,102760.785,89910.0,212528.835,156885.2018181818,1725737.22,89910.0,213302.97,160855.79727272727,1769413.77,89910.0,213302.97,160855.79727272727,1769413.77,1.0,0,12,1.3636363636363635,15,0.0,14.0,0.0,9.0,4.090909090909091,45.0,0,0,0.0,0,0,0,0.0,0,1,1,1.0,11,0,0,0.0,0,0,0,0.0,0,0,0,0.0,0,0,0,0.0,0,0,0,0.0,0,0,0,0.0,0,11,1,0.5876711973876453
421541,0,0,1,0,2,135000.0,675000.0,29731.5,0.01885,-23389,-11832.0,-4488,1,0,0,1,1,0,4.0,2,13,0,0,0,0,0,0,0.6922269795961608,0.5531646987710016,8.0,1.0,0.0,-2731.0,0,1,0,0,0,0,0,0,0,0,0,0,0,0,0,0,0,0,0,0,0.0,0.0,0.0,0.0,0.0,2.0,1,0,0,0,0,0,0,0,1,0,0,1,0,0,0,0,0,0,0,0,1,0,1,0,0,0,0,1,0,0,0,0,0,0,0,0,1,0,0,0,0,0,0,0,1,0,0,0,0,0,0,0,0,0,0,0,0,0,0,0,0,0,0,0,0,0,0,0,0,0,0,0,0,0,0,0,0,0,0,0,0,0,0,0,0,0,0,0,0,0,0,0,0,0,0,0,0.2,33750.0,0.2202333333333333,0.0440466666666666,-831,-13,-445.0,-45.25,0,0.0,117468.0,74702.25,298809.0,87093.0,0.0,0.0,0,61.0,0.5,0.0,0.5,0.0,0.0,1.0,0.0,0.0,0.0,0.0,0.0,0.0,0.0,1.0,0.0,0.0,0.0,0.0,0.0,0.0,0.0,0.0,0.0,0.0,0.0,0.0,0.0,62955.9,38416.75714285714,0.0,57564.0,37051.71428571428,9,14,10.714285714285714,-2913,-334,-1704.857142857143,60.0,0.1428571428571428,0.7142857142857143,0.1428571428571428,0.0,0.0,0.0,0.1428571428571428,0.2857142857142857,0.1428571428571428,0.0,0.0,0.4285714285714285,0.0,0.0,1.0,0.0,0.0,0.0,0.0,0.0,0.0,0.0,0.0,0.0,0.0,0.0,0.0,0.0,0.0,0.0,0.0,0.0,0.0,0.0,0.0,0.0,0.0,0.0,0.0,0.8571428571428571,0.1428571428571428,0.0,0.8571428571428571,0.0,0.1428571428571428,0.0,0.0,0.7142857142857143,0.0,0.0,0.2857142857142857,0.0,0.0,0.0,0.0,0.1428571428571428,0.0,0.0,0.0,0.8571428571428571,0.0,0.0,0.0,0.4285714285714285,0.0,0.0,0.1428571428571428,0.0,0.2857142857142857,0.1428571428571428,0.0,0.1428571428571428,0.8571428571428571,0.0,0.0,0.0,0.0,0.1428571428571428,0.0,0.0,0.0,0.0,0.2857142857142857,0.0,0.0,0.0,0.1428571428571428,0.0,0.0,0.0,0.0,0.0,0.0,0.0,0.0,0.0,0.0,0.0,0.0,0.0,0.0,0.0,0.4285714285714285,0.0,0.1428571428571428,0.0,0.1428571428571428,0.7142857142857143,0.0,0.0,0.7142857142857143,0.1428571428571428,0.1428571428571428,0.0,0.0,0.0,0.0,0.0,0.1428571428571428,0.0,0.0,0.8571428571428571,0.0,0.0,0.0,0.0,0.0,0.5714285714285714,0.4285714285714285,0.0,0.0,0.0,0.0,0.0,0.0,0.1428571428571428,0.1428571428571428,0.0,0.7142857142857143,0.0,0.0,0.1428571428571428,0.0,0.0,0.0,0.0,0.0,0.0,0.1428571428571428,0.0,0.5714285714285714,0.0,0.1428571428571428,0.0,0.0,0.0,0.0,0.0,0.0,-1,-62.098591549295776,71,0,0.0,0,0.0,0.9014084507042254,0.0,0.0,0.0,0.0985915492957746,0.0,0.0,0.0,0.0,0.0,71,3,4.0,0.106060606060606,7.0,25.0,7.4393939393939394,491.0,0.0,54000.0,5007.612272727272,330502.41,330502.41,-121784.0,66,-11,-1,-6.0,-66,0.0,0.0,0.0,0.0,0,0,0.0,0,0.0,0.0,54000.0,4909.090909090909,54000.0,0.0,54000.0,0.0,0.0,0.0,0.0,54000.0,0.0,54000.0,4909.090909090909,54000.0,0.0,0.0,0.0,0.0,0.0,0.0,0.0,0.0,0.0,0.0,0.0,0.0,0.0,0,1,0.0909090909090909,1,0.0,1.0,0.0,0.0,0.0,0.0,0,0,0.0,0,0,0,0.0,0,1,1,1.0,11,0,0,0.0,0,0,0,0.0,0,0,0,0.0,0,0,0,0.0,0,0,0,0.0,0,0,0,0.0,0,11,0,0.4650759787986492
182837,0,1,0,1,0,315000.0,1575000.0,58369.5,0.00733,-20409,-2908.0,-3717,1,1,1,1,0,0,2.0,2,13,0,1,1,0,1,1,0.6669478144270664,0.3842068130556564,0.0,0.0,0.0,-2246.0,0,1,0,0,0,0,0,0,0,0,0,0,0,0,0,0,0,0,0,0,1.0,0.0,0.0,0.0,1.0,3.0,1,0,0,0,0,0,0,0,1,0,0,0,1,0,0,0,0,0,0,0,1,0,1,0,0,0,0,1,0,0,0,0,0,0,0,1,0,0,0,0,0,0,0,0,0,0,0,0,0,0,0,0,0,0,0,0,0,0,0,0,0,0,0,0,0,0,0,0,0,1,0,0,0,0,0,0,0,0,0,0,0,0,0,0,0,0,0,0,0,0,0,0,0,0,0,0,0.2,157500.0,0.1853,0.03706,-2499,-136,-958.7777777777778,-555.7222222222222,0,0.0,1350000.0,538522.635,9693407.43,1491642.0,0.0,0.0,0,0.0,0.5555555555555556,0.0,0.4444444444444444,0.0,0.0,1.0,0.0,0.0,0.0,0.0,0.0,0.0,0.0,0.7777777777777778,0.2222222222222222,0.0,0.0,0.0,0.0,0.0,0.0,0.0,0.0,0.0,0.0,0.0,0.0,450000.0,150000.0,0.0,491580.0,186360.0,15,16,15.666666666666666,-2878,-60,-1244.6666666666667,24.0,0.6666666666666666,0.0,0.3333333333333333,0.0,0.0,0.0,0.0,0.0,0.3333333333333333,0.3333333333333333,0.0,0.3333333333333333,0.0,0.0,1.0,0.0,0.0,0.0,0.0,0.0,0.0,0.0,0.0,0.0,0.0,0.0,0.0,0.0,0.0,0.0,0.0,0.0,0.0,0.0,0.0,0.0,0.0,0.0,0.0,0.3333333333333333,0.6666666666666666,0.0,0.6666666666666666,0.3333333333333333,0.0,0.0,0.0,0.3333333333333333,0.0,0.0,0.6666666666666666,0.0,0.0,0.0,0.0,0.0,0.0,0.0,0.0,1.0,0.0,0.0,0.0,0.0,0.0,0.0,0.0,0.0,0.3333333333333333,0.6666666666666666,0.0,0.0,1.0,0.0,0.0,0.0,0.0,0.0,0.0,0.0,0.0,0.0,0.0,0.0,0.0,0.0,0.0,0.0,0.0,0.0,0.0,0.0,0.0,0.0,0.0,0.0,0.0,0.0,0.0,0.0,0.0,0.0,1.0,0.0,0.3333333333333333,0.0,0.3333333333333333,0.0,0.3333333333333333,0.0,0.3333333333333333,0.0,0.6666666666666666,0.0,0.0,0.0,0.0,0.3333333333333333,0.0,0.6666666666666666,0.0,0.0,0.0,0.0,0.0,0.0,0.0,0.0,0.0,0.0,0.0,0.0,0.0,1.0,0.0,0.6666666666666666,0.0,0.0,0.0,0.3333333333333333,0.0,0.3333333333333333,0.0,0.3333333333333333,0.0,0.0,0.0,0.0,0.0,0.3333333333333333,0.0,0.0,0.0,0.0,0.0,0.0,0.0,0.0,0.0,-14,-52.54166666666666,24,0,0.0,0,0.0,0.9166666666666666,0.0,0.0,0.0,0.0833333333333333,0.0,0.0,0.0,0.0,0.0,24,4,18.0,0.4718309859154929,67.0,30.0,9.267605633802816,1316.0,10724.895,316047.78,9257.369894366197,1314546.525,1303821.63,-200987.0,142,-94,-1,-47.5,-4465,0.0,71963.325,38419.98606382978,3611478.69,0,67500,58164.89361702128,5467500,515250.0,0.0,67500.0,5490.95744680851,516150.0,0.0,900.0,0.0,3375.0,2204.2134782608696,202787.64,658840.32,0.0,70429.5,6938.664893617021,652234.5,0.0,67486.95,36814.003563829785,3460516.335,0.0,71963.325,38381.36170212766,3607848.0,0.0,71963.325,38381.36170212766,3607848.0,25.0,0,4,0.2765957446808511,26,0.0,1.0,1.0,66.0,38.80434782608695,3570.0,0,1,0.0957446808510638,9,0,1,0.0851063829787234,8,1,1,1.0,94,0,0,0.0,0,0,0,0.0,0,0,0,0.0,0,0,0,0.0,0,0,0,0.0,0,0,0,0.0,0,94,1,0.5861602887786168
428471,0,1,1,0,2,180000.0,1125000.0,33025.5,0.018209,-10846,-862.0,-1943,1,1,0,1,0,0,4.0,3,14,0,0,0,0,0,0,0.3400375467157974,0.6006575372857061,3.0,0.0,0.0,-977.0,0,1,0,0,0,0,0,0,0,0,0,0,0,0,0,0,0,0,0,0,0.0,0.0,0.0,0.0,0.0,1.0,1,0,0,0,0,0,0,0,1,0,0,0,0,0,0,1,0,0,0,0,1,0,1,0,0,0,0,1,0,0,0,0,0,0,0,0,0,1,0,0,0,0,0,0,1,0,0,0,0,0,0,0,0,0,0,0,0,0,0,0,0,0,0,0,0,0,0,0,0,0,0,0,0,0,0,0,0,0,0,0,0,0,0,0,0,0,0,0,0,0,0,0,0,0,0,0,0.16,45000.0,0.183475,0.029356,-813,-329,-526.3333333333334,-249.33333333333331,0,0.0,515700.0,211202.97,633608.91,417361.5,0.0,0.0,0,0.0,0.3333333333333333,0.0,0.6666666666666666,0.0,0.0,1.0,0.0,0.0,0.0,0.0,0.0,0.0,0.0,1.0,0.0,0.0,0.0,0.0,0.0,0.0,0.0,0.0,0.0,0.0,0.0,0.0,0.0,225000.0,75056.625,22234.5,359491.5,166549.5,7,14,11.25,-977,-148,-553.0,70.0,0.25,0.5,0.25,0.0,0.0,0.25,0.25,0.0,0.25,0.0,0.25,0.0,0.0,0.0,1.0,0.0,0.0,0.0,0.0,0.0,0.0,0.0,0.0,0.0,0.0,0.0,0.0,0.0,0.0,0.0,0.0,0.0,0.0,0.0,0.0,0.0,0.25,0.0,0.0,0.75,0.0,0.0,1.0,0.0,0.0,0.0,0.0,0.75,0.0,0.0,0.25,0.0,0.0,0.0,0.0,0.0,0.0,0.0,0.0,1.0,0.0,0.0,0.0,0.0,0.0,0.0,0.0,0.25,0.0,0.75,0.25,0.0,0.75,0.0,0.0,0.0,0.0,0.25,0.0,0.0,0.0,0.0,0.0,0.0,0.0,0.0,0.0,0.0,0.0,0.0,0.0,0.0,0.0,0.0,0.25,0.0,0.0,0.0,0.0,0.0,0.0,0.0,0.5,0.0,0.25,0.0,0.25,0.5,0.0,0.0,0.5,0.25,0.25,0.0,0.0,0.0,0.0,0.0,0.5,0.5,0.0,0.0,0.0,0.0,0.0,0.25,0.0,0.25,0.0,0.0,0.0,0.0,0.0,0.5,0.0,0.25,0.0,0.0,0.25,0.5,0.0,0.0,0.25,0.0,0.0,0.25,0.0,0.0,0.0,0.0,0.25,0.0,0.0,0.0,0.25,0.0,0.0,0.0,0.0,-1,-12.148148148148149,27,0,0.0,0,0.0,0.9629629629629628,0.0,0.0,0.0,0.037037037037037,0.0,0.0,0.0,0.0,0.0,27,4,4.0,0.1833333333333333,11.0,32.0,7.0,420.0,-220790.65500000003,231450.165,13366.8375,802010.25,1022800.905,-19269.0,60,-20,-1,-10.5,-210,0.0,232116.3,122875.62525,2457512.505,225000,225000,225000.0,4500000,405225.0,0.0,135000.0,21253.02975,425060.595,0.0,19835.595,0.0,11747.25,6312.17475,126243.495,406695.33,0.0,243090.0,20334.7665,406695.33,0.0,224163.9,117621.5265,2352430.53,0.0,231900.21,121661.34524999998,2433226.905,0.0,231900.21,121661.34524999998,2433226.905,22.0,0,7,1.3,26,0.0,4.0,0.0,15.0,7.5,150.0,0,0,0.0,0,0,0,0.0,0,1,1,1.0,20,0,0,0.0,0,0,0,0.0,0,0,0,0.0,0,0,0,0.0,0,0,0,0.0,0,0,0,0.0,0,20,1,0.586536099096573
